,Unnamed: 0,id,beam_id,observation_id,tuning,subband_offset,file_uri,file_local_enumeration,signal_frequency,signal_index,signal_drift_steps,signal_drift_rate,signal_snr,signal_coarse_channel,signal_beam,signal_num_timesteps,signal_power,signal_incoherent_power,source_name,fch1_mhz,foff_mhz,tstart,tsamp,ra_hours,dec_degrees,telescope_id,num_timesteps,num_channels,coarse_channel,start_channel,tstart_h
12845,19429951,959261299,482111,17926,AC,640,/mnt/cosmic-storage-2/data2/vla_target/23B-169.sb44907755.eb44921564.60295.44951556713/23B-169.sb44907755.eb44921564.60295.44951556713.11.1/23B-169.sb44907755.eb44921564.60295.44951556713.11.1.AC.C640.0028.raw.seticore.hits,230,24374.1219209671,116350,-5,-2.5985562907797948,15.07353973388672,0,0,8,479019696128.0,483651452928.0,3073619025268414208,24374.12183513641,1.9073486328125e-06,60295.47486542165,0.524288,8.638733333333333,-0.69966,0,8,84,0,116305,2023-12-17 11:23:48.372431
12891,19429997,959261345,482111,17926,AC,640,/mnt/cosmic-storage-2/data2/vla_target/23B-169.sb44907755.eb44921564.60295.44951556713/23B-169.sb44907755.eb44921564.60295.44951556713.11.1/23B-169.sb44907755.eb44921564.60295.44951556713.11.1.AC.C640.0028.raw.seticore.hits,276,24374.151824378965,132028,2,1.039422516311918,17.800922393798828,0,0,8,549339660288.0,567776903168.0,3073619025268414208,24374.15174808502,1.9073486328125e-06,60295.47486542165,0.524288,8.638733333333333,-0.69966,0,8,81,0,131988,2023-12-17 11:23:48.372431
12892,19429998,959261346,482111,17926,AC,640,/mnt/cosmic-storage-2/data2/vla_target/23B-169.sb44907755.eb44921564.60295.44951556713/23B-169.sb44907755.eb44921564.60295.44951556713.11.1/23B-169.sb44907755.eb44921564.60295.44951556713.11.1.AC.C640.0028.raw.seticore.hits,277,24374.04965343475,78461,3,1.559133774467877,31.47552490234375,0,0,8,901911085056.0,803262103552.0,3073619025268414208,24374.04957714081,1.9073486328125e-06,60295.47486542165,0.524288,8.638733333333333,-0.69966,0,8,82,0,78421,2023-12-17 11:23:48.372431
12895,19430001,959261349,482111,17926,AC,640,/mnt/cosmic-storage-2/data2/vla_target/23B-169.sb44907755.eb44921564.60295.44951556713/23B-169.sb44907755.eb44921564.60295.44951556713.11.1/23B-169.sb44907755.eb44921564.60295.44951556713.11.1.AC.C640.0028.raw.seticore.hits,280,24374.80544605255,474714,5,2.5985562907797948,24.797168731689453,0,0,8,729723437056.0,680671969280.0,3073619025268414208,24374.805369758604,1.9073486328125e-06,60295.47486542165,0.524288,8.638733333333333,-0.69966,0,8,84,0,474674,2023-12-17 11:23:48.372431
12981,19430087,959261435,482112,17926,AC,640,/mnt/cosmic-storage-2/data2/vla_target/23B-169.sb44907755.eb44921564.60295.44951556713/23B-169.sb44907755.eb44921564.60295.44951556713.11.1/23B-169.sb44907755.eb44921564.60295.44951556713.11.1.AC.C640.0028.raw.seticore.hits,366,24374.04965343475,78461,3,1.559133774467877,35.51524353027344,0,1,8,803262103552.0,803262103552.0,Incoherent,24374.04957714081,1.9073486328125e-06,60295.47486542165,0.524288,8.63818611117221,-0.6929999990648925,0,8,82,0,78421,2023-12-17 11:23:48.372431
12982,19430088,959261436,482112,17926,AC,640,/mnt/cosmic-storage-2/data2/vla_target/23B-169.sb44907755.eb44921564.60295.44951556713/23B-169.sb44907755.eb44921564.60295.44951556713.11.1/23B-169.sb44907755.eb44921564.60295.44951556713.11.1.AC.C640.0028.raw.seticore.hits,367,24374.151824378965,132028,3,1.559133774467877,23.69479179382324,0,1,8,568852611072.0,568852611072.0,Incoherent,24374.15174808502,1.9073486328125e-06,60295.47486542165,0.524288,8.63818611117221,-0.6929999990648925,0,8,82,0,131988,2023-12-17 11:23:48.372431
12983,19430089,959261437,482112,17926,AC,640,/mnt/cosmic-storage-2/data2/vla_target/23B-169.sb44907755.eb44921564.60295.44951556713/23B-169.sb44907755.eb44921564.60295.44951556713.11.1/23B-169.sb44907755.eb44921564.60295.44951556713.11.1.AC.C640.0028.raw.seticore.hits,368,24374.80544605255,474714,4,2.078845032623836,29.3514404296875,0,1,8,681028681728.0,681028681728.0,Incoherent,24374.805369758604,1.9073486328125e-06,60295.47486542165,0.524288,8.63818611117221,-0.6929999990648925,0,8,83,0,474674,2023-12-17 11:23:48.372431
15797,19432903,959264251,482111,17926,AC,416,/mnt/cosmic-storage-2/data2/vla_target/23B-169.sb44907755.eb44921564.60295.44951556713/23B-169.sb44907755.eb44921564.60295.44951556713.11.1/23B-169.sb44907755.eb44921564.60295.44951556713.11.1.AC.C416.0028.raw.seticore.hits,147,24150.277394676206,197863,-4,-2.078845032623836,15.703868865966797,0,0,8,661697396736.0,472547917824.0,3073619025268414208,24150.277310752863,1.9073486328125e-06,60295.47486542165,0.524288,8.638733333333333,-0.69966,0,8,83,0,197819,2023-12-17 11:23:48.372431
15823,19432929,959264277,482111,17926,AC,416,/mnt/cosmic-storage-2/data2/vla_target/23B-169.sb44907755.eb44921564.60295.44951556713/23B-169.sb44907755.eb44921564.60295.44951556713.11.1/23B-169.sb44907755.eb44921564.60295.44951556713.11.1.AC.C416.0028.raw.seticore.hits,161,24150.32137432098,220921,3,1.559133774467877,20.422033309936523,0,0,8,824242470912.0,753844879360.0,3073619025268414208,24150.32129802704,1.9073486328125e-06,60295.47486542165,0.524288,8.638733333333333,-0.69966,0,8,82,0,220881,2023-12-17 11:23:48.372431
15880,19432986,959264334,482112,17926,AC,416,/mnt/cosmic-storage-2/data2/vla_target/23B-169.sb44907755.eb44921564.60295.44951556713/23B-169.sb44907755.eb44921564.60295.44951556713.11.1/23B-169.sb44907755.eb44921564.60295.44951556713.11.1.AC.C416.0028.raw.seticore.hits,191,24150.277392768858,197862,-3,-1.559133774467877,16.25275421142578,0,1,8,563328581632.0,563328581632.0,Incoherent,24150.277310752863,1.9073486328125e-06,60295.47486542165,0.524288,8.63818611117221,-0.6929999990648925,0,8,82,0,197819,2023-12-17 11:23:48.372431
15903,19433009,959264357,482112,17926,AC,416,/mnt/cosmic-storage-2/data2/vla_target/23B-169.sb44907755.eb44921564.60295.44951556713/23B-169.sb44907755.eb44921564.60295.44951556713.11.1/23B-169.sb44907755.eb44921564.60295.44951556713.11.1.AC.C416.0028.raw.seticore.hits,203,24150.321372413637,220920,5,2.5985562907797948,26.07658576965332,0,1,8,823909548032.0,823909548032.0,Incoherent,24150.321296119688,1.9073486328125e-06,60295.47486542165,0.524288,8.63818611117221,-0.6929999990648925,0,8,84,0,220880,2023-12-17 11:23:48.372431
17468,19434574,959265922,482111,17926,AC,640,/mnt/cosmic-storage-2/data2/vla_target/23B-169.sb44907755.eb44921564.60295.44951556713/23B-169.sb44907755.eb44921564.60295.44951556713.11.1/23B-169.sb44907755.eb44921564.60295.44951556713.11.1.AC.C640.0028.raw.seticore.hits,3855,24404.65863170624,397741,-4,-2.078845032623836,19.63527107238769,30,0,8,642045313024.0,679452606464.0,3073619025268414208,24404.658547782896,1.9073486328125e-06,60295.47486542165,0.524288,8.638733333333333,-0.69966,0,8,83,30,397697,2023-12-17 11:23:48.372431
17543,19434649,959265997,482112,17926,AC,640,/mnt/cosmic-storage-2/data2/vla_target/23B-169.sb44907755.eb44921564.60295.44951556713/23B-169.sb44907755.eb44921564.60295.44951556713.11.1/23B-169.sb44907755.eb44921564.60295.44951556713.11.1.AC.C640.0028.raw.seticore.hits,3897,24404.658633613584,397742,-5,-2.5985562907797948,26.960866928100582,30,1,8,681416327168.0,681416327168.0,Incoherent,24404.658547782896,1.9073486328125e-06,60295.47486542165,0.524288,8.63818611117221,-0.6929999990648925,0,8,84,30,397697,2023-12-17 11:23:48.372431
26942,19444048,959282111,482111,17926,AC,800,/mnt/cosmic-storage-2/data2/vla_target/23B-169.sb44907755.eb44921564.60295.44951556713/23B-169.sb44907755.eb44921564.60295.44951556713.11.1/23B-169.sb44907755.eb44921564.60295.44951556713.11.1.AC.C800.0028.raw.seticore.hits,193,24534.06777896881,87964,-3,-1.559133774467877,34.22041320800781,0,0,8,995441901568.0,956528328704.0,3073619025268414208,24534.067696952818,1.9073486328125e-06,60295.47486542165,0.524288,8.638733333333333,-0.69966,0,8,82,0,87921,2023-12-17 11:23:48.372431
27281,19444387,959282592,482112,17926,AC,800,/mnt/cosmic-storage-2/data2/vla_target/23B-169.sb44907755.eb44921564.60295.44951556713/23B-169.sb44907755.eb44921564.60295.44951556713.11.1/23B-169.sb44907755.eb44921564.60295.44951556713.11.1.AC.C800.0028.raw.seticore.hits,260,24534.06777896881,87964,-2,-1.039422516311918,42.492000579833984,0,1,8,964955340800.0,964955340800.0,Incoherent,24534.067698860166,1.9073486328125e-06,60295.47486542165,0.524288,8.63818611117221,-0.6929999990648925,0,8,81,0,87922,2023-12-17 11:23:48.372431
40125,19457231,959305233,482112,17926,AC,800,/mnt/cosmic-storage-2/data2/vla_target/23B-169.sb44907755.eb44921564.60295.44951556713/23B-169.sb44907755.eb44921564.60295.44951556713.11.1/23B-169.sb44907755.eb44921564.60295.44951556713.11.1.AC.C800.0028.raw.seticore.hits,3909,24563.91219844818,6395,2,1.039422516311918,17.789592742919922,30,1,8,468180795392.0,468180795392.0,Incoherent,24563.912122154237,1.9073486328125e-06,60295.47486542165,0.524288,8.63818611117221,-0.6929999990648925,0,8,81,30,6355,2023-12-17 11:23:48.372431
40215,19457321,959305524,482111,17926,AC,800,/mnt/cosmic-storage-2/data2/vla_target/23B-169.sb44907755.eb44921564.60295.44951556713/23B-169.sb44907755.eb44921564.60295.44951556713.11.1/23B-169.sb44907755.eb44921564.60295.44951556713.11.1.AC.C800.0028.raw.seticore.hits,3972,24565.773095512388,457753,2,1.039422516311918,17.394359588623047,31,0,8,557469597696.0,501999861760.0,3073619025268414208,24565.773019218443,1.9073486328125e-06,60295.47484114859,0.524288,8.638733333333333,-0.69966,0,8,81,31,457713,2023-12-17 11:23:46.275238
40334,19457440,959305862,482112,17926,AC,800,/mnt/cosmic-storage-2/data2/vla_target/23B-169.sb44907755.eb44921564.60295.44951556713/23B-169.sb44907755.eb44921564.60295.44951556713.11.1/23B-169.sb44907755.eb44921564.60295.44951556713.11.1.AC.C800.0028.raw.seticore.hits,4039,24565.773095512388,457753,2,1.039422516311918,19.472187042236328,31,1,8,501999861760.0,501999861760.0,Incoherent,24565.773019218443,1.9073486328125e-06,60295.47484114859,0.524288,8.63818611117221,-0.6929999990648925,0,8,81,31,457713,2023-12-17 11:23:46.275238
40449,19457555,959306576,482111,17926,AC,576,/mnt/cosmic-storage-2/data2/vla_target/23B-169.sb44907755.eb44921564.60295.44951556713/23B-169.sb44907755.eb44921564.60295.44951556713.11.1/23B-169.sb44907755.eb44921564.60295.44951556713.11.1.AC.C576.0028.raw.seticore.hits,39,24310.337369346616,229307,-2,-1.039422516311918,25.03828811645508,0,0,8,753515626496.0,563519225856.0,3073619025268414208,24310.33728923797,1.9073486328125e-06,60295.474816876,0.524288,8.638733333333333,-0.69966,0,8,81,0,229265,2023-12-17 11:23:44.178086
40538,19457644,959306873,482112,17926,AC,576,/mnt/cosmic-storage-2/data2/vla_target/23B-169.sb44907755.eb44921564.60295.44951556713/23B-169.sb44907755.eb44921564.60295.44951556713.11.1/23B-169.sb44907755.eb44921564.60295.44951556713.11.1.AC.C576.0028.raw.seticore.hits,128,24310.337369346616,229307,-2,-1.039422516311918,22.749134063720703,0,1,8,563519225856.0,563519225856.0,Incoherent,24310.33728923797,1.9073486328125e-06,60295.474816876,0.524288,8.63818611117221,-0.6929999990648925,0,8,81,0,229265,2023-12-17 11:23:44.178086
40638,19457744,959307198,482111,17926,AC,576,/mnt/cosmic-storage-2/data2/vla_target/23B-169.sb44907755.eb44921564.60295.44951556713/23B-169.sb44907755.eb44921564.60295.44951556713.11.1/23B-169.sb44907755.eb44921564.60295.44951556713.11.1.AC.C576.0028.raw.seticore.hits,228,24310.829165840147,487150,-3,-1.559133774467877,19.60512351989746,0,0,8,609638285312.0,665637879808.0,3073619025268414208,24310.82908382416,1.9073486328125e-06,60295.47486542165,0.524288,8.638733333333333,-0.69966,0,8,82,0,487107,2023-12-17 11:23:48.372431
40681,19457787,959307336,482111,17926,AC,576,/mnt/cosmic-storage-2/data2/vla_target/23B-169.sb44907755.eb44921564.60295.44951556713/23B-169.sb44907755.eb44921564.60295.44951556713.11.1/23B-169.sb44907755.eb44921564.60295.44951556713.11.1.AC.C576.0028.raw.seticore.hits,271,24310.775313758848,458916,2,1.039422516311918,29.458038330078125,0,0,8,869567692800.0,806233243648.0,3073619025268414208,24310.775237464903,1.9073486328125e-06,60295.47486542165,0.524288,8.638733333333333,-0.69966,0,8,81,0,458876,2023-12-17 11:23:48.372431
40721,19457827,959307463,482112,17926,AC,576,/mnt/cosmic-storage-2/data2/vla_target/23B-169.sb44907755.eb44921564.60295.44951556713/23B-169.sb44907755.eb44921564.60295.44951556713.11.1/23B-169.sb44907755.eb44921564.60295.44951556713.11.1.AC.C576.0028.raw.seticore.hits,311,24310.829165840147,487150,-3,-1.559133774467877,27.79996490478516,0,1,8,665637879808.0,665637879808.0,Incoherent,24310.82908382416,1.9073486328125e-06,60295.47486542165,0.524288,8.63818611117221,-0.6929999990648925,0,8,82,0,487107,2023-12-17 11:23:48.372431
40722,19457828,959307466,482112,17926,AC,576,/mnt/cosmic-storage-2/data2/vla_target/23B-169.sb44907755.eb44921564.60295.44951556713/23B-169.sb44907755.eb44921564.60295.44951556713.11.1/23B-169.sb44907755.eb44921564.60295.44951556713.11.1.AC.C576.0028.raw.seticore.hits,312,24310.27497043609,196592,-3,-1.559133774467877,49.073368072509766,0,1,8,1097556951040.0,1097556951040.0,Incoherent,24310.274888420103,1.9073486328125e-06,60295.47486542165,0.524288,8.63818611117221,-0.6929999990648925,0,8,82,0,196549,2023-12-17 11:23:48.372431
40767,19457873,959307613,482112,17926,AC,576,/mnt/cosmic-storage-2/data2/vla_target/23B-169.sb44907755.eb44921564.60295.44951556713/23B-169.sb44907755.eb44921564.60295.44951556713.11.1/23B-169.sb44907755.eb44921564.60295.44951556713.11.1.AC.C576.0028.raw.seticore.hits,357,24310.775313758848,458916,2,1.039422516311918,34.7247428894043,0,1,8,806233243648.0,806233243648.0,Incoherent,24310.775237464903,1.9073486328125e-06,60295.47486542165,0.524288,8.63818611117221,-0.6929999990648925,0,8,81,0,458876,2023-12-17 11:23:48.372431
44229,19461335,959317780,482111,17926,AC,736,/mnt/cosmic-storage-2/data2/vla_target/23B-169.sb44907755.eb44921564.60295.44951556713/23B-169.sb44907755.eb44921564.60295.44951556713.11.1/23B-169.sb44907755.eb44921564.60295.44951556713.11.1.AC.C736.0028.raw.seticore.hits,175,24470.120454216,115581,-5,-2.5985562907797948,18.90041160583496,0,0,8,637446520832.0,512593985536.0,3073619025268414208,24470.120368385316,1.9073486328125e-06,60295.47486542165,0.524288,8.638733333333333,-0.69966,0,8,84,0,115536,2023-12-17 11:23:48.372431
44248,19461354,959317824,482111,17926,AC,736,/mnt/cosmic-storage-2/data2/vla_target/23B-169.sb44907755.eb44921564.60295.44951556713/23B-169.sb44907755.eb44921564.60295.44951556713.11.1/23B-169.sb44907755.eb44921564.60295.44951556713.11.1.AC.C736.0028.raw.seticore.hits,180,24470.14880313873,130444,-2,-1.039422516311918,35.269004821777344,0,0,8,1103220572160.0,1086423629824.0,3073619025268414208,24470.148723030088,1.9073486328125e-06,60295.47486542165,0.524288,8.638733333333333,-0.69966,0,8,81,0,130402,2023-12-17 11:23:48.372431
44314,19461420,959317975,482111,17926,AC,736,/mnt/cosmic-storage-2/data2/vla_target/23B-169.sb44907755.eb44921564.60295.44951556713/23B-169.sb44907755.eb44921564.60295.44951556713.11.1/23B-169.sb44907755.eb44921564.60295.44951556713.11.1.AC.C736.0028.raw.seticore.hits,197,24470.1012720108,105524,2,1.039422516311918,83.42237854003906,0,0,8,2473441624064.0,2474435411968.0,3073619025268414208,24470.101195716856,1.9073486328125e-06,60295.47486542165,0.524288,8.638733333333333,-0.69966,0,8,81,0,105484,2023-12-17 11:23:48.372431
44427,19461533,959318219,482112,17926,AC,736,/mnt/cosmic-storage-2/data2/vla_target/23B-169.sb44907755.eb44921564.60295.44951556713/23B-169.sb44907755.eb44921564.60295.44951556713.11.1/23B-169.sb44907755.eb44921564.60295.44951556713.11.1.AC.C736.0028.raw.seticore.hits,225,24470.14880313873,130444,-3,-1.559133774467877,44.768165588378906,0,1,8,1088685998080.0,1088685998080.0,Incoherent,24470.14872112274,1.9073486328125e-06,60295.47486542165,0.524288,8.63818611117221,-0.6929999990648925,0,8,82,0,130401,2023-12-17 11:23:48.372431
44500,19461606,959318378,482112,17926,AC,736,/mnt/cosmic-storage-2/data2/vla_target/23B-169.sb44907755.eb44921564.60295.44951556713/23B-169.sb44907755.eb44921564.60295.44951556713.11.1/23B-169.sb44907755.eb44921564.60295.44951556713.11.1.AC.C736.0028.raw.seticore.hits,243,24470.318662071222,219499,5,2.5985562907797948,20.993667602539062,0,1,8,568463851520.0,568463851520.0,Incoherent,24470.31858577728,1.9073486328125e-06,60295.47486542165,0.524288,8.63818611117221,-0.6929999990648925,0,8,84,0,219459,2023-12-17 11:23:48.372431
49065,19466171,959327162,482111,17926,AC,576,/mnt/cosmic-storage-2/data2/vla_target/23B-169.sb44907755.eb44921564.60295.44951556713/23B-169.sb44907755.eb44921564.60295.44951556713.11.1/23B-169.sb44907755.eb44921564.60295.44951556713.11.1.AC.C576.0028.raw.seticore.hits,3848,24340.87674655914,512096,-2,-1.039422516311918,35.08245086669922,30,0,8,990533713920.0,897496055808.0,3073619025268414208,24340.8766664505,1.9073486328125e-06,60295.47486542165,0.524288,8.638733333333333,-0.69966,0,8,81,30,512054,2023-12-17 11:23:48.372431
49154,19466260,959327317,482111,17926,AC,576,/mnt/cosmic-storage-2/data2/vla_target/23B-169.sb44907755.eb44921564.60295.44951556713/23B-169.sb44907755.eb44921564.60295.44951556713.11.1/23B-169.sb44907755.eb44921564.60295.44951556713.11.1.AC.C576.0028.raw.seticore.hits,3868,24340.88776912689,517875,2,1.039422516311918,25.58362579345703,30,0,8,746721509376.0,858761330688.0,3073619025268414208,24340.887692832945,1.9073486328125e-06,60295.47486542165,0.524288,8.638733333333333,-0.69966,0,8,81,30,517835,2023-12-17 11:23:48.372431
49162,19466268,959327331,482111,17926,AC,576,/mnt/cosmic-storage-2/data2/vla_target/23B-169.sb44907755.eb44921564.60295.44951556713/23B-169.sb44907755.eb44921564.60295.44951556713.11.1/23B-169.sb44907755.eb44921564.60295.44951556713.11.1.AC.C576.0028.raw.seticore.hits,3870,24340.719207191465,429500,3,1.559133774467877,41.03702545166016,30,0,8,1143373430784.0,1113329762304.0,3073619025268414208,24340.71913089752,1.9073486328125e-06,60295.47486542165,0.524288,8.638733333333333,-0.69966,0,8,82,30,429460,2023-12-17 11:23:48.372431
49327,19466433,959327620,482112,17926,AC,576,/mnt/cosmic-storage-2/data2/vla_target/23B-169.sb44907755.eb44921564.60295.44951556713/23B-169.sb44907755.eb44921564.60295.44951556713.11.1/23B-169.sb44907755.eb44921564.60295.44951556713.11.1.AC.C576.0028.raw.seticore.hits,3909,24340.87674655914,512096,-2,-1.039422516311918,40.41716766357422,30,1,8,897496055808.0,897496055808.0,Incoherent,24340.8766664505,1.9073486328125e-06,60295.47486542165,0.524288,8.63818611117221,-0.6929999990648925,0,8,81,30,512054,2023-12-17 11:23:48.372431
49416,19466522,959327777,482112,17926,AC,576,/mnt/cosmic-storage-2/data2/vla_target/23B-169.sb44907755.eb44921564.60295.44951556713/23B-169.sb44907755.eb44921564.60295.44951556713.11.1/23B-169.sb44907755.eb44921564.60295.44951556713.11.1.AC.C576.0028.raw.seticore.hits,3930,24340.719209098814,429501,2,1.039422516311918,51.349945068359375,30,1,8,1113593610240.0,1113593610240.0,Incoherent,24340.71913280487,1.9073486328125e-06,60295.47486542165,0.524288,8.63818611117221,-0.6929999990648925,0,8,81,30,429461,2023-12-17 11:23:48.372431
49421,19466527,959327785,482112,17926,AC,576,/mnt/cosmic-storage-2/data2/vla_target/23B-169.sb44907755.eb44921564.60295.44951556713/23B-169.sb44907755.eb44921564.60295.44951556713.11.1/23B-169.sb44907755.eb44921564.60295.44951556713.11.1.AC.C576.0028.raw.seticore.hits,3931,24340.88776721954,517874,3,1.559133774467877,38.46045684814453,30,1,8,858819723264.0,858819723264.0,Incoherent,24340.8876909256,1.9073486328125e-06,60295.47486542165,0.524288,8.63818611117221,-0.6929999990648925,0,8,82,30,517834,2023-12-17 11:23:48.372431
54303,19471409,959337452,482111,17926,AC,384,/mnt/cosmic-storage-2/data2/vla_target/23B-169.sb44907755.eb44921564.60295.44951556713/23B-169.sb44907755.eb44921564.60295.44951556713.11.1/23B-169.sb44907755.eb44921564.60295.44951556713.11.1.AC.C384.0028.raw.seticore.hits,35,24118.22370853424,169716,-2,-1.039422516311918,26.43006706237793,0,0,8,1027090612224.0,894335254528.0,3073619025268414208,24118.2236284256,1.9073486328125e-06,60295.474816876,0.524288,8.638733333333333,-0.69966,0,8,81,0,169674,2023-12-17 11:23:44.178086
55058,19472164,959338800,482111,17926,AC,544,/mnt/cosmic-storage-2/data2/vla_target/23B-169.sb44907755.eb44921564.60295.44951556713/23B-169.sb44907755.eb44921564.60295.44951556713.11.1/23B-169.sb44907755.eb44921564.60295.44951556713.11.1.AC.C544.0028.raw.seticore.hits,3633,24308.829169654844,487152,-3,-1.559133774467877,72.4515609741211,30,0,8,1999932227584.0,2294120710144.0,3073619025268414208,24308.829087638853,1.9073486328125e-06,60295.47486542165,0.524288,8.638733333333333,-0.69966,0,8,82,30,487109,2023-12-17 11:23:48.372431
55132,19472238,959338933,482111,17926,AC,384,/mnt/cosmic-storage-2/data2/vla_target/23B-169.sb44907755.eb44921564.60295.44951556713/23B-169.sb44907755.eb44921564.60295.44951556713.11.1/23B-169.sb44907755.eb44921564.60295.44951556713.11.1.AC.C384.0028.raw.seticore.hits,200,24118.22370662689,169715,-2,-1.039422516311918,20.71635055541992,0,0,8,829315022848.0,552972058624.0,3073619025268414208,24118.223626518247,1.9073486328125e-06,60295.47486542165,0.524288,8.638733333333333,-0.69966,0,8,81,0,169673,2023-12-17 11:23:48.372431
55328,19472434,959339301,482112,17926,AC,544,/mnt/cosmic-storage-2/data2/vla_target/23B-169.sb44907755.eb44921564.60295.44951556713/23B-169.sb44907755.eb44921564.60295.44951556713.11.1/23B-169.sb44907755.eb44921564.60295.44951556713.11.1.AC.C544.0028.raw.seticore.hits,3684,24308.65995731353,398436,-4,-2.078845032623836,16.7073917388916,30,1,8,439435952128.0,439435952128.0,Incoherent,24308.6598733902,1.9073486328125e-06,60295.47486542165,0.524288,8.63818611117221,-0.6929999990648925,0,8,83,30,398392,2023-12-17 11:23:48.372431
55498,19472604,959339614,482112,17926,AC,384,/mnt/cosmic-storage-2/data2/vla_target/23B-169.sb44907755.eb44921564.60295.44951556713/23B-169.sb44907755.eb44921564.60295.44951556713.11.1/23B-169.sb44907755.eb44921564.60295.44951556713.11.1.AC.C384.0028.raw.seticore.hits,276,24118.22370662689,169715,-2,-1.039422516311918,16.007383346557617,0,1,8,552972058624.0,552972058624.0,Incoherent,24118.223626518247,1.9073486328125e-06,60295.47486542165,0.524288,8.63818611117221,-0.6929999990648925,0,8,81,0,169673,2023-12-17 11:23:48.372431
59167,19476273,959346231,482111,17926,AC,736,/mnt/cosmic-storage-2/data2/vla_target/23B-169.sb44907755.eb44921564.60295.44951556713/23B-169.sb44907755.eb44921564.60295.44951556713.11.1/23B-169.sb44907755.eb44921564.60295.44951556713.11.1.AC.C736.0028.raw.seticore.hits,3985,24501.80225124359,473039,2,1.039422516311918,45.86732482910156,31,0,8,1368654479360.0,1315354443776.0,3073619025268414208,24501.802174949644,1.9073486328125e-06,60295.47484114859,0.524288,8.638733333333333,-0.69966,0,8,81,31,472999,2023-12-17 11:23:46.275238
64761,19481867,959357972,482112,17926,AC,704,/mnt/cosmic-storage-2/data2/vla_target/23B-169.sb44907755.eb44921564.60295.44951556713/23B-169.sb44907755.eb44921564.60295.44951556713.11.1/23B-169.sb44907755.eb44921564.60295.44951556713.11.1.AC.C704.0028.raw.seticore.hits,231,24438.190232658384,152165,3,1.559133774467877,43.06811141967773,0,1,8,1020871049216.0,1020871049216.0,Incoherent,24438.19015636444,1.9073486328125e-06,60295.47486542165,0.524288,8.63818611117221,-0.6929999990648925,0,8,82,0,152125,2023-12-17 11:23:48.372431
67149,19484255,959361480,482111,17926,AC,768,/mnt/cosmic-storage-2/data2/vla_target/23B-169.sb44907755.eb44921564.60295.44951556713/23B-169.sb44907755.eb44921564.60295.44951556713.11.1/23B-169.sb44907755.eb44921564.60295.44951556713.11.1.AC.C768.0028.raw.seticore.hits,171,24502.18470134735,149265,-3,-1.559133774467877,15.562081336975098,0,0,8,521529163776.0,559782887424.0,3073619025268414208,24502.18461933136,1.9073486328125e-06,60295.47486542165,0.524288,8.638733333333333,-0.69966,0,8,82,0,149222,2023-12-17 11:23:48.372431
67153,19484259,959361489,482111,17926,AC,768,/mnt/cosmic-storage-2/data2/vla_target/23B-169.sb44907755.eb44921564.60295.44951556713/23B-169.sb44907755.eb44921564.60295.44951556713.11.1/23B-169.sb44907755.eb44921564.60295.44951556713.11.1.AC.C768.0028.raw.seticore.hits,173,24502.068255805967,88214,-2,-1.039422516311918,95.65699768066406,0,0,8,2712088346624.0,2512470147072.0,3073619025268414208,24502.068175697324,1.9073486328125e-06,60295.47486542165,0.524288,8.638733333333333,-0.69966,0,8,81,0,88172,2023-12-17 11:23:48.372431
67332,19484438,959361850,482112,17926,AC,768,/mnt/cosmic-storage-2/data2/vla_target/23B-169.sb44907755.eb44921564.60295.44951556713/23B-169.sb44907755.eb44921564.60295.44951556713.11.1/23B-169.sb44907755.eb44921564.60295.44951556713.11.1.AC.C768.0028.raw.seticore.hits,261,24501.993958854677,49261,2,1.039422516311918,21.63114356994629,0,1,8,560696197120.0,560696197120.0,Incoherent,24501.993882560728,1.9073486328125e-06,60295.47486542165,0.524288,8.63818611117221,-0.6929999990648925,0,8,81,0,49221,2023-12-17 11:23:48.372431
67996,19485102,959362968,482111,17926,AC,608,/mnt/cosmic-storage-2/data2/vla_target/23B-169.sb44907755.eb44921564.60295.44951556713/23B-169.sb44907755.eb44921564.60295.44951556713.11.1/23B-169.sb44907755.eb44921564.60295.44951556713.11.1.AC.C608.0028.raw.seticore.hits,208,24342.887772941587,517877,-4,-2.078845032623836,25.329864501953125,0,0,8,733298950144.0,634407223296.0,3073619025268414208,24342.887689018247,1.9073486328125e-06,60295.47486542165,0.524288,8.638733333333333,-0.69966,0,8,83,0,517833,2023-12-17 11:23:48.372431
67999,19485105,959362973,482111,17926,AC,608,/mnt/cosmic-storage-2/data2/vla_target/23B-169.sb44907755.eb44921564.60295.44951556713/23B-169.sb44907755.eb44921564.60295.44951556713.11.1/23B-169.sb44907755.eb44921564.60295.44951556713.11.1.AC.C608.0028.raw.seticore.hits,209,24342.316623115537,218430,-3,-1.559133774467877,39.32503509521485,0,0,8,1089231716352.0,1101336412160.0,3073619025268414208,24342.316541099543,1.9073486328125e-06,60295.47486542165,0.524288,8.638733333333333,-0.69966,0,8,82,0,218387,2023-12-17 11:23:48.372431
68083,19485189,959363113,482111,17926,AC,608,/mnt/cosmic-storage-2/data2/vla_target/23B-169.sb44907755.eb44921564.60295.44951556713/23B-169.sb44907755.eb44921564.60295.44951556713.11.1/23B-169.sb44907755.eb44921564.60295.44951556713.11.1.AC.C608.0028.raw.seticore.hits,238,24342.20121898651,157925,2,1.039422516311918,86.27498626708984,0,0,8,2283288133632.0,2170020560896.0,3073619025268414208,24342.201142692564,1.9073486328125e-06,60295.47486542165,0.524288,8.638733333333333,-0.69966,0,8,81,0,157885,2023-12-17 11:23:48.372431
68092,19485198,959363127,482111,17926,AC,608,/mnt/cosmic-storage-2/data2/vla_target/23B-169.sb44907755.eb44921564.60295.44951556713/23B-169.sb44907755.eb44921564.60295.44951556713.11.1/23B-169.sb44907755.eb44921564.60295.44951556713.11.1.AC.C608.0028.raw.seticore.hits,241,24342.87674083709,512093,4,2.078845032623836,17.557722091674805,0,0,8,535633657856.0,539034189824.0,3073619025268414208,24342.87666454315,1.9073486328125e-06,60295.47486542165,0.524288,8.638733333333333,-0.69966,0,8,83,0,512053,2023-12-17 11:23:48.372431
68191,19485297,959363293,482112,17926,AC,608,/mnt/cosmic-storage-2/data2/vla_target/23B-169.sb44907755.eb44921564.60295.44951556713/23B-169.sb44907755.eb44921564.60295.44951556713.11.1/23B-169.sb44907755.eb44921564.60295.44951556713.11.1.AC.C608.0028.raw.seticore.hits,275,24342.887772941587,517877,-5,-2.5985562907797948,27.58997917175293,0,1,8,637152395264.0,637152395264.0,Incoherent,24342.8876871109,1.9073486328125e-06,60295.47486542165,0.524288,8.63818611117221,-0.6929999990648925,0,8,84,0,517832,2023-12-17 11:23:48.372431
68194,19485300,959363298,482112,17926,AC,608,/mnt/cosmic-storage-2/data2/vla_target/23B-169.sb44907755.eb44921564.60295.44951556713/23B-169.sb44907755.eb44921564.60295.44951556713.11.1/23B-169.sb44907755.eb44921564.60295.44951556713.11.1.AC.C608.0028.raw.seticore.hits,276,24342.31662502289,218431,-4,-2.078845032623836,52.005130767822266,0,1,8,1114644283392.0,1114644283392.0,Incoherent,24342.316541099543,1.9073486328125e-06,60295.47486542165,0.524288,8.63818611117221,-0.6929999990648925,0,8,83,0,218387,2023-12-17 11:23:48.372431
68197,19485303,959363303,482112,17926,AC,608,/mnt/cosmic-storage-2/data2/vla_target/23B-169.sb44907755.eb44921564.60295.44951556713/23B-169.sb44907755.eb44921564.60295.44951556713.11.1/23B-169.sb44907755.eb44921564.60295.44951556713.11.1.AC.C608.0028.raw.seticore.hits,277,24342.828887367246,487004,-3,-1.559133774467877,16.116531372070312,0,1,8,412763947008.0,412763947008.0,Incoherent,24342.82880535125,1.9073486328125e-06,60295.47486542165,0.524288,8.63818611117221,-0.6929999990648925,0,8,82,0,486961,2023-12-17 11:23:48.372431
72295,19489401,959370396,482111,17926,AC,704,/mnt/cosmic-storage-2/data2/vla_target/23B-169.sb44907755.eb44921564.60295.44951556713/23B-169.sb44907755.eb44921564.60295.44951556713.11.1/23B-169.sb44907755.eb44921564.60295.44951556713.11.1.AC.C704.0028.raw.seticore.hits,4023,24469.773927116392,458189,2,1.039422516311918,50.82173156738281,31,0,8,1531958394880.0,1428191969280.0,3073619025268414208,24469.773850822447,1.9073486328125e-06,60295.47484114859,0.524288,8.638733333333333,-0.69966,0,8,81,31,458149,2023-12-17 11:23:46.275238
72455,19489561,959370681,482112,17926,AC,704,/mnt/cosmic-storage-2/data2/vla_target/23B-169.sb44907755.eb44921564.60295.44951556713/23B-169.sb44907755.eb44921564.60295.44951556713.11.1/23B-169.sb44907755.eb44921564.60295.44951556713.11.1.AC.C704.0028.raw.seticore.hits,4078,24469.773927116392,458189,2,1.039422516311918,60.82754135131836,31,1,8,1428191969280.0,1428191969280.0,Incoherent,24469.773850822447,1.9073486328125e-06,60295.47484114859,0.524288,8.63818611117221,-0.6929999990648925,0,8,81,31,458149,2023-12-17 11:23:46.275238
76614,19493720,959378101,482111,17926,AC,608,/mnt/cosmic-storage-2/data2/vla_target/23B-169.sb44907755.eb44921564.60295.44951556713/23B-169.sb44907755.eb44921564.60295.44951556713.11.1/23B-169.sb44907755.eb44921564.60295.44951556713.11.1.AC.C608.0028.raw.seticore.hits,3930,24373.07016506195,89215,-2,-1.039422516311918,17.957416534423828,31,0,8,549655871488.0,530351259648.0,3073619025268414208,24373.070084953302,1.9073486328125e-06,60295.47484114859,0.524288,8.638733333333333,-0.69966,0,8,81,31,89173,2023-12-17 11:23:46.275238
76752,19493858,959378270,482112,17926,AC,608,/mnt/cosmic-storage-2/data2/vla_target/23B-169.sb44907755.eb44921564.60295.44951556713/23B-169.sb44907755.eb44921564.60295.44951556713.11.1/23B-169.sb44907755.eb44921564.60295.44951556713.11.1.AC.C608.0028.raw.seticore.hits,4012,24373.07016506195,89215,-2,-1.039422516311918,21.952674865722656,31,1,8,530351259648.0,530351259648.0,Incoherent,24373.070084953302,1.9073486328125e-06,60295.47484114859,0.524288,8.63818611117221,-0.6929999990648925,0,8,81,31,89173,2023-12-17 11:23:46.275238
98591,19515697,959422751,482137,17929,AC,416,/mnt/cosmic-storage-2/data2/vla_target/23B-169.sb44907755.eb44921564.60295.44951556713/23B-169.sb44907755.eb44921564.60295.44951556713.17.1/23B-169.sb44907755.eb44921564.60295.44951556713.17.1.AC.C416.0007.raw.seticore.hits,37,24158.29720630645,208250,156,37.834979593753815,42.22640228271485,8,0,16,2917153898496.0,1352935407616.0,3073619025268414208,24158.29713001251,1.9073486328125e-06,60295.48503879318,0.524288,8.638733333333333,-0.69966,0,16,235,8,208210,2023-12-17 11:38:27.351731
98592,19515698,959422752,482137,17929,AC,416,/mnt/cosmic-storage-2/data2/vla_target/23B-169.sb44907755.eb44921564.60295.44951556713/23B-169.sb44907755.eb44921564.60295.44951556713.17.1/23B-169.sb44907755.eb44921564.60295.44951556713.17.1.AC.C416.0007.raw.seticore.hits,38,24158.337220573423,229229,165,40.01776687800884,17.211769104003906,8,0,16,1342332207104.0,682021617664.0,3073619025268414208,24158.33714427948,1.9073486328125e-06,60295.48503879318,0.524288,8.638733333333333,-0.69966,0,16,244,8,229189,2023-12-17 11:38:27.351731
98594,19515700,959422754,482138,17929,AC,416,/mnt/cosmic-storage-2/data2/vla_target/23B-169.sb44907755.eb44921564.60295.44951556713/23B-169.sb44907755.eb44921564.60295.44951556713.17.1/23B-169.sb44907755.eb44921564.60295.44951556713.17.1.AC.C416.0007.raw.seticore.hits,40,24158.297244453428,208270,206,49.96157561739286,23.615333557128903,8,1,16,1580656492544.0,1580656492544.0,Incoherent,24158.297168159483,1.9073486328125e-06,60295.48503879318,0.524288,8.63818611117221,-0.6929999990648925,0,16,285,8,208230,2023-12-17 11:38:27.351731
98596,19515702,959422756,482137,17929,AC,416,/mnt/cosmic-storage-2/data2/vla_target/23B-169.sb44907755.eb44921564.60295.44951556713/23B-169.sb44907755.eb44921564.60295.44951556713.17.1/23B-169.sb44907755.eb44921564.60295.44951556713.17.1.AC.C416.0007.raw.seticore.hits,42,24159.977189445493,40469,189,45.83853296935558,31.716402053833008,10,0,16,2244789141504.0,1194361749504.0,3073619025268414208,24159.977113151548,1.9073486328125e-06,60295.48503879318,0.524288,8.638733333333333,-0.69966,0,16,268,10,40429,2023-12-17 11:38:27.351731
98597,19515703,959422757,482138,17929,AC,416,/mnt/cosmic-storage-2/data2/vla_target/23B-169.sb44907755.eb44921564.60295.44951556713/23B-169.sb44907755.eb44921564.60295.44951556713.17.1/23B-169.sb44907755.eb44921564.60295.44951556713.17.1.AC.C416.0007.raw.seticore.hits,43,24159.97722377777,40487,169,40.98789455989997,25.871362686157227,10,1,16,1695228755968.0,1695228755968.0,Incoherent,24159.977147483824,1.9073486328125e-06,60295.48503879318,0.524288,8.63818611117221,-0.6929999990648925,0,16,248,10,40447,2023-12-17 11:38:27.351731
98599,19515705,959422759,482137,17929,AC,416,/mnt/cosmic-storage-2/data2/vla_target/23B-169.sb44907755.eb44921564.60295.44951556713/23B-169.sb44907755.eb44921564.60295.44951556713.17.1/23B-169.sb44907755.eb44921564.60295.44951556713.17.1.AC.C416.0007.raw.seticore.hits,45,24161.65720500946,396993,202,48.99144793550174,27.079105377197266,11,0,16,1953695793152.0,1165399818240.0,3073619025268414208,24161.657128715517,1.9073486328125e-06,60295.48503879318,0.524288,8.638733333333333,-0.69966,0,16,281,11,396953,2023-12-17 11:38:27.351731
98601,19515707,959422761,482138,17929,AC,416,/mnt/cosmic-storage-2/data2/vla_target/23B-169.sb44907755.eb44921564.60295.44951556713/23B-169.sb44907755.eb44921564.60295.44951556713.17.1/23B-169.sb44907755.eb44921564.60295.44951556713.17.1.AC.C416.0007.raw.seticore.hits,47,24161.657250785825,397017,210,50.93170329928399,19.898632049560547,11,1,16,1366644490240.0,1366644490240.0,Incoherent,24161.65717449188,1.9073486328125e-06,60295.48503879318,0.524288,8.63818611117221,-0.6929999990648925,0,16,289,11,396977,2023-12-17 11:38:27.351731
165050,19582156,959546292,482209,17937,AC,416,/mnt/cosmic-storage-2/data2/vla_target/23B-169.sb44907755.eb44921564.60295.44951556713/23B-169.sb44907755.eb44921564.60295.44951556713.34.1/23B-169.sb44907755.eb44921564.60295.44951556713.34.1.AC.C416.0014.raw.seticore.hits,47,24167.497586631773,313307,115,27.8911708543698,40.02834701538086,17,0,16,2678685958144.0,2196315570176.0,3073619025268414208,24167.497510337827,1.9073486328125e-06,60295.51787838945,0.524288,8.638733333333333,-0.69966,0,16,194,17,313267,2023-12-17 12:25:44.692849
165051,19582157,959546293,482210,17937,AC,416,/mnt/cosmic-storage-2/data2/vla_target/23B-169.sb44907755.eb44921564.60295.44951556713/23B-169.sb44907755.eb44921564.60295.44951556713.34.1/23B-169.sb44907755.eb44921564.60295.44951556713.34.1.AC.C416.0014.raw.seticore.hits,48,24167.497586631773,313307,115,27.8911708543698,36.218780517578125,17,1,16,2196315570176.0,2196315570176.0,Incoherent,24167.497510337827,1.9073486328125e-06,60295.51787838945,0.524288,8.63818611117221,-0.6929999990648925,0,16,194,17,313267,2023-12-17 12:25:44.692849
165054,19582160,959546296,482209,17937,AC,416,/mnt/cosmic-storage-2/data2/vla_target/23B-169.sb44907755.eb44921564.60295.44951556713/23B-169.sb44907755.eb44921564.60295.44951556713.34.1/23B-169.sb44907755.eb44921564.60295.44951556713.34.1.AC.C416.0014.raw.seticore.hits,51,24169.17760028839,145542,115,27.8911708543698,18.268678665161133,19,0,16,1349826510848.0,1169698324480.0,3073619025268414208,24169.177523994444,1.9073486328125e-06,60295.51787838945,0.524288,8.638733333333333,-0.69966,0,16,194,19,145502,2023-12-17 12:25:44.692849
165055,19582161,959546297,482210,17937,AC,416,/mnt/cosmic-storage-2/data2/vla_target/23B-169.sb44907755.eb44921564.60295.44951556713/23B-169.sb44907755.eb44921564.60295.44951556713.34.1/23B-169.sb44907755.eb44921564.60295.44951556713.34.1.AC.C416.0014.raw.seticore.hits,52,24169.17759647369,145540,117,28.376234695315365,17.49078941345215,19,1,16,1192147025920.0,1192147025920.0,Incoherent,24169.177520179743,1.9073486328125e-06,60295.51787838945,0.524288,8.63818611117221,-0.6929999990648925,0,16,196,19,145500,2023-12-17 12:25:44.692849
167504,19584610,959551322,482211,17937,AC,416,/mnt/cosmic-storage-2/data2/vla_target/23B-169.sb44907755.eb44921564.60295.44951556713/23B-169.sb44907755.eb44921564.60295.44951556713.34.1/23B-169.sb44907755.eb44921564.60295.44951556713.34.1.AC.C416.0021.raw.seticore.hits,38,24164.179765129087,146677,183,44.3833414465189,19.012487411499023,14,0,16,1421479378944.0,1003341348864.0,3073619025268414208,24164.179688835145,1.9073486328125e-06,60295.5185580221,0.524288,8.638733333333333,-0.69966,0,16,262,14,146637,2023-12-17 12:26:43.413109
167506,19584612,959551324,482212,17937,AC,416,/mnt/cosmic-storage-2/data2/vla_target/23B-169.sb44907755.eb44921564.60295.44951556713/23B-169.sb44907755.eb44921564.60295.44951556713.34.1/23B-169.sb44907755.eb44921564.60295.44951556713.34.1.AC.C416.0021.raw.seticore.hits,39,24164.17972507477,146656,191,46.32359681030115,15.695826530456545,14,1,16,1117098606592.0,1117098606592.0,Incoherent,24164.17964878082,1.9073486328125e-06,60295.5185580221,0.524288,8.63818611117221,-0.6929999990648925,0,16,270,14,146616,2023-12-17 12:26:43.413109
167511,19584617,959551329,482211,17937,AC,416,/mnt/cosmic-storage-2/data2/vla_target/23B-169.sb44907755.eb44921564.60295.44951556713/23B-169.sb44907755.eb44921564.60295.44951556713.34.1/23B-169.sb44907755.eb44921564.60295.44951556713.34.1.AC.C416.0021.raw.seticore.hits,41,24165.81971874237,482197,172,41.71549032131831,26.249794006347656,15,0,16,1860565204992.0,1414256394240.0,3073619025268414208,24165.819642448423,1.9073486328125e-06,60295.5185580221,0.524288,8.638733333333333,-0.69966,0,16,251,15,482157,2023-12-17 12:26:43.413109
167513,19584619,959551331,482212,17937,AC,416,/mnt/cosmic-storage-2/data2/vla_target/23B-169.sb44907755.eb44921564.60295.44951556713/23B-169.sb44907755.eb44921564.60295.44951556713.34.1/23B-169.sb44907755.eb44921564.60295.44951556713.34.1.AC.C416.0021.raw.seticore.hits,42,24165.819764518736,482221,174,42.20055416226387,25.21476936340332,15,1,16,1619888177152.0,1619888177152.0,Incoherent,24165.81968822479,1.9073486328125e-06,60295.5185580221,0.524288,8.63818611117221,-0.6929999990648925,0,16,253,15,482181,2023-12-17 12:26:43.413109
167526,19584632,959551349,482211,17937,AC,416,/mnt/cosmic-storage-2/data2/vla_target/23B-169.sb44907755.eb44921564.60295.44951556713/23B-169.sb44907755.eb44921564.60295.44951556713.34.1/23B-169.sb44907755.eb44921564.60295.44951556713.34.1.AC.C416.0021.raw.seticore.hits,48,24169.13973369598,125689,170,41.23042648037275,19.49356460571289,19,0,16,1429157314560.0,925295968256.0,3073619025268414208,24169.13965740204,1.9073486328125e-06,60295.5185580221,0.524288,8.638733333333333,-0.69966,0,16,249,19,125649,2023-12-17 12:26:43.413109
167529,19584635,959551353,482211,17937,AC,416,/mnt/cosmic-storage-2/data2/vla_target/23B-169.sb44907755.eb44921564.60295.44951556713/23B-169.sb44907755.eb44921564.60295.44951556713.34.1/23B-169.sb44907755.eb44921564.60295.44951556713.34.1.AC.C416.0021.raw.seticore.hits,49,24169.179726982115,146657,197,47.77878833313783,40.19651794433594,19,0,16,2682861387776.0,2194526699520.0,3073619025268414208,24169.17965068817,1.9073486328125e-06,60295.5185580221,0.524288,8.638733333333333,-0.69966,0,16,276,19,146617,2023-12-17 12:26:43.413109
167533,19584639,959551360,482212,17937,AC,416,/mnt/cosmic-storage-2/data2/vla_target/23B-169.sb44907755.eb44921564.60295.44951556713/23B-169.sb44907755.eb44921564.60295.44951556713.34.1/23B-169.sb44907755.eb44921564.60295.44951556713.34.1.AC.C416.0021.raw.seticore.hits,51,24169.179738426206,146663,191,46.32359681030115,40.72726058959961,19,1,16,2427028766720.0,2427028766720.0,Incoherent,24169.17966213226,1.9073486328125e-06,60295.5185580221,0.524288,8.63818611117221,-0.6929999990648925,0,16,270,19,146623,2023-12-17 12:26:43.413109
169311,19586417,959554836,482213,17937,AC,416,/mnt/cosmic-storage-2/data2/vla_target/23B-169.sb44907755.eb44921564.60295.44951556713/23B-169.sb44907755.eb44921564.60295.44951556713.34.1/23B-169.sb44907755.eb44921564.60295.44951556713.34.1.AC.C416.0028.raw.seticore.hits,47,24167.50228443145,315770,204,49.4765117764473,58.612911224365234,17,0,16,3817895886848.0,2200825495552.0,3073619025268414208,24167.50220813751,1.9073486328125e-06,60295.51923765475,0.524288,8.638733333333333,-0.69966,0,16,283,17,315730,2023-12-17 12:27:42.133370
169312,19586418,959554837,482214,17937,AC,416,/mnt/cosmic-storage-2/data2/vla_target/23B-169.sb44907755.eb44921564.60295.44951556713/23B-169.sb44907755.eb44921564.60295.44951556713.34.1/23B-169.sb44907755.eb44921564.60295.44951556713.34.1.AC.C416.0028.raw.seticore.hits,48,24167.50229206085,315774,195,47.29372449219228,50.37215042114258,17,1,16,2954183835648.0,2954183835648.0,Incoherent,24167.502215766905,1.9073486328125e-06,60295.51923765475,0.524288,8.63818611117221,-0.6929999990648925,0,16,274,17,315734,2023-12-17 12:27:42.133370
169313,19586419,959554838,482213,17937,AC,416,/mnt/cosmic-storage-2/data2/vla_target/23B-169.sb44907755.eb44921564.60295.44951556713/23B-169.sb44907755.eb44921564.60295.44951556713.34.1/23B-169.sb44907755.eb44921564.60295.44951556713.34.1.AC.C416.0028.raw.seticore.hits,49,24169.182311439512,148012,173,41.95802224179109,26.449058532714844,19,0,16,1847419600896.0,1384190312448.0,3073619025268414208,24169.182235145567,1.9073486328125e-06,60295.51923765475,0.524288,8.638733333333333,-0.69966,0,16,252,19,147972,2023-12-17 12:27:42.133370
169315,19586421,959554840,482214,17937,AC,416,/mnt/cosmic-storage-2/data2/vla_target/23B-169.sb44907755.eb44921564.60295.44951556713/23B-169.sb44907755.eb44921564.60295.44951556713.34.1/23B-169.sb44907755.eb44921564.60295.44951556713.34.1.AC.C416.0028.raw.seticore.hits,51,24169.18231525421,148014,175,42.443086082736656,25.497163772583008,19,1,16,1618749161472.0,1618749161472.0,Incoherent,24169.182238960264,1.9073486328125e-06,60295.51923765475,0.524288,8.63818611117221,-0.6929999990648925,0,16,254,19,147974,2023-12-17 12:27:42.133370
170651,19587757,959557929,482215,17938,AC,416,/mnt/cosmic-storage-2/data2/vla_target/23B-169.sb44907755.eb44921564.60295.44951556713/23B-169.sb44907755.eb44921564.60295.44951556713.36.1/23B-169.sb44907755.eb44921564.60295.44951556713.36.1.AC.C416.0000.raw.seticore.hits,38,24167.507182502744,318338,118,28.618766615788143,16.356435775756836,17,0,16,1243380449280.0,811043782656.0,3073619025268414208,24167.5071062088,1.9073486328125e-06,60295.52064410597,0.524288,8.638733333333333,-0.69966,0,16,197,17,318298,2023-12-17 12:29:43.650756
